"date","serial_number","model"
"2024-01-01","8DGN43XH","HGST HUH721212ALE604"
"2024-01-01","ZA219EY6","ST10000NM0086"
"2024-01-01","ZHZ4VQ82","ST12000NM0008"
"2024-01-02","22G0A1J7FV8G","TOSHIBA MG08ACA16TEY"
"2024-01-02","3WKD96NK","WDC WUH721816ALE6L4"
"2024-01-02","6120A095F97G","TOSHIBA MG07ACA14TA"
"2024-01-02","88P0A091F97G","TOSHIBA MG07ACA14TA"
"2024-01-02","8HGHXP6H","HGST HUH721212ALE604"
"2024-01-02","AAG63WUH","HGST HUH721212ALN604"
"2024-01-02","ZA1814DG","ST8000NM0055"
"2024-01-02","ZHZ6CF50","ST12000NM0008"
"2024-01-02","ZLW18Q0E","ST14000NM001G"
"2024-01-03","2AGMNP5Y","HGST HUH721212ALN604"
"2024-01-03","40P0A0RWF97G","TOSHIBA MG07ACA14TA"
"2024-01-03","AAG6J2DH","HGST HUH721212ALN604"
"2024-01-03","S301GV8P","ST4000DM000"
"2024-01-03","X270A01MFVKG","TOSHIBA MG08ACA16TA"
"2024-01-03","Z302AKQM","ST4000DM000"
"2024-01-03","Z302AYMF","ST4000DM000"
"2024-01-03","ZA11R2A8","ST8000DM002"
"2024-01-03","ZA1261V0","ST8000DM002"
"2024-01-03","ZA16DWJE","ST8000NM0055"
"2024-01-03","ZA1819EV","ST8000NM0055"
"2024-01-03","ZHZ3X2LK","ST12000NM0008"
"2024-01-03","ZHZ6D3QP","ST12000NM0008"
"2024-01-03","ZL201XMM","ST16000NM001G"
"2024-01-03","ZL2PB3Z9","ST14000NM001G"
"2024-01-04","10B0A0FJF97G","TOSHIBA MG07ACA14TA"
"2024-01-04","78C0A01GF97G","TOSHIBA MG07ACA14TA"
"2024-01-04","7QT02L9B","Seagate BarraCuda 120 SSD ZA250CM10003"
"2024-01-04","AAG6LD0H","HGST HUH721212ALN604"
"2024-01-04","ZA189JTG","ST8000NM0055"
"2024-01-04","ZCH06VE2","ST12000NM0007"
"2024-01-04","ZHZ30GBZ","ST14000NM0138"
"2024-01-04","ZHZ4MKHN","ST12000NM0008"
"2024-01-04","ZHZ50M55","ST12000NM0008"
"2024-01-04","ZJV16QF8","ST12000NM0007"
"2024-01-05","1290A07FFVKG","TOSHIBA MG08ACA16TA"
"2024-01-05","13R0A09LFVKG","TOSHIBA MG08ACA16TA"
"2024-01-05","13X0A04SFVKG","TOSHIBA MG08ACA16TA"
"2024-01-05","20W0A0SRF97G","TOSHIBA MG07ACA14TA"
"2024-01-05","52U0A01QFVKG","TOSHIBA MG08ACA16TA"
"2024-01-05","6210A03AFVKG","TOSHIBA MG08ACA16TA"
"2024-01-05","AAG6NVMH","HGST HUH721212ALN604"
"2024-01-05","ZA13R4EC","ST8000DM002"
"2024-01-05","ZA153T9M","ST8000NM0055"
"2024-01-05","ZHZ41BV1","ST14000NM0138"
"2024-01-05","ZHZ4VWV3","ST12000NM0008"
"2024-01-05","ZHZ50M4L","ST12000NM0008"
"2024-01-05","ZHZ50R4E","ST12000NM0008"
"2024-01-05","ZJV3BMD1","ST12000NM0007"
"2024-01-05","ZL209CRX","ST14000NM001G"
"2024-01-05","ZL232KSV","ST16000NM001G"
"2024-01-05","ZLW0GKL8","ST12000NM001G"
"2024-01-06","2AGBN0AY","HGST HUH721212ALN604"
"2024-01-06","2AGME3UY","HGST HUH721212ALN604"
"2024-01-06","33Q0A007F9RG","TOSHIBA MG07ACA14TEY"
"2024-01-06","33R0A00BF9RG","TOSHIBA MG07ACA14TEY"
"2024-01-06","6250A1PXFVKG","TOSHIBA MG08ACA16TA"
"2024-01-06","8DHWN1BH","HGST HUH721212ALE604"
"2024-01-06","ZHZ511SW","ST12000NM0008"
"2024-01-06","ZLW17S9H","ST14000NM001G"
"2024-01-06","ZLW18S5F","ST14000NM001G"
"2024-01-07","2CJAE27N","WDC WUH721816ALE6L0"
"2024-01-07","5PHLAGPD","HGST HUH721212ALE604"
"2024-01-07","8DJ142RH","HGST HUH721212ALE604"
"2024-01-07","X8K0A00AF97G","TOSHIBA MG07ACA14TA"
"2024-01-07","Z302SYWC","ST4000DM000"
"2024-01-07","Z305CKGM","ST4000DM000"
"2024-01-07","Z305D6XL","ST4000DM000"
"2024-01-07","Z850A03VF97G","TOSHIBA MG07ACA14TA"
"2024-01-07","ZA180QWZ","ST8000NM0055"
"2024-01-07","ZHZ4WRWR","ST12000NM0008"
"2024-01-07","ZHZ52CHV","ST12000NM0008"
"2024-01-08","10L0A0EFFV8G","TOSHIBA MG08ACA16TEY"
"2024-01-08","2AGKNKMY","HGST HUH721212ALN604"
"2024-01-08","6240A1KGFVKG","TOSHIBA MG08ACA16TA"
"2024-01-08","7030A06TF97G","TOSHIBA MG07ACA14TA"
"2024-01-08","AAG2SVDH","HGST HUH721212ALN604"
"2024-01-08","AAG3W8WH","HGST HUH721212ALN604"
"2024-01-08","Z305D2F1","ST4000DM000"
"2024-01-08","ZA12ZCRS","ST8000DM002"
"2024-01-08","ZHZ30YZ1","ST14000NM0138"
"2024-01-08","ZHZ4Q2RC","ST12000NM0008"
"2024-01-08","ZHZ4VPN6","ST12000NM0008"
"2024-01-08","ZHZ4YEKG","ST12000NM0008"
"2024-01-08","ZJV3CFF7","ST12000NM0007"
"2024-01-08","ZL005C8G","ST12000NM0008"
"2024-01-08","ZL230LVA","ST16000NM001G"
"2024-01-08","ZL2CH57D","ST14000NM001G"
"2024-01-08","ZL2CS1ZQ","ST14000NM001G"
"2024-01-09","2GK3451V","WDC WUH722222ALE6L4"
"2024-01-09","2MHJ0AZG","WDC WUH721816ALE6L4"
"2024-01-09","4BJE89RV","WDC WUH721816ALE6L4"
"2024-01-09","8CGUMP9E","HGST HUH721212ALN604"
"2024-01-09","8DJ68W2H","HGST HUH721212ALE604"
"2024-01-09","AAG27YWH","HGST HUH721212ALN604"
"2024-01-09","AAHLBY4H","HGST HUH721212ALN604"
"2024-01-09","ZA180R2M","ST8000NM0055"
"2024-01-09","ZDEB336R","ST500LM030"
"2024-01-09","ZHZ39PD5","ST12000NM0008"
"2024-01-09","ZJV4TLS8","ST12000NM0007"
"2024-01-09","ZL0054YQ","ST12000NM0008"
"2024-01-09","ZL23WSR5","ST16000NM001G"
"2024-01-09","ZL2H8G8V","ST16000NM001G"
"2024-01-09","ZLW0EGTN","ST12000NM001G"
"2024-01-09","ZLW0GQBL","ST12000NM001G"
"2024-01-10","177QT3DRT","TOSHIBA MQ01ABF050M"
"2024-01-10","51R0A17DFVGG","TOSHIBA MG08ACA16TE"
"2024-01-10","6210A0RXFVKG","TOSHIBA MG08ACA16TA"
"2024-01-10","6250A1L0FVKG","TOSHIBA MG08ACA16TA"
"2024-01-10","71R0A0RQFV8G","TOSHIBA MG08ACA16TEY"
"2024-01-10","8CGLB5NG","HGST HUH721212ALE600"
"2024-01-10","AAH92EUH","HGST HUH721212ALN604"
"2024-01-10","Z810A002F97G","TOSHIBA MG07ACA14TA"
"2024-01-10","ZA13RHFR","ST8000DM002"
"2024-01-10","ZA16YGL5","ST8000NM0055"
"2024-01-10","ZA21DWGR","ST10000NM0086"
"2024-01-10","ZL2K6C71","ST16000NM001G"
"2024-01-11","5QGYH27F","HGST HUH721212ALE604"
"2024-01-11","6210A0VYFVKG","TOSHIBA MG08ACA16TA"
"2024-01-11","8230A0XRFVKG","TOSHIBA MG08ACA16TA"
"2024-01-11","D5GGZ0WM","HGST HUH721212ALE604"
"2024-01-11","X8D0A05XF97G","TOSHIBA MG07ACA14TA"
"2024-01-11","Z305PDJ0","ST4000DM000"
"2024-01-11","ZA171V6H","ST8000NM0055"
"2024-01-11","ZA21FC0F","ST10000NM0086"
"2024-01-11","ZJV3AESB","ST12000NM0007"
"2024-01-11","ZLW0G6VR","ST12000NM001G"
"2024-01-12","2AGM8KYY","HGST HUH721212ALN604"
"2024-01-12","2BJB89VD","WDC WUH721816ALE6L0"
"2024-01-12","2GK316XV","WDC WUH722222ALE6L4"
"2024-01-12","6250A12BFVKG","TOSHIBA MG08ACA16TA"
"2024-01-12","8160A0E0FVKG","TOSHIBA MG08ACA16TA"
"2024-01-12","8220A1QEFVKG","TOSHIBA MG08ACA16TA"
"2024-01-12","ZA11B1YX","ST8000DM002"
"2024-01-12","ZA12RB5Q","ST8000DM002"
"2024-01-12","ZA144S00","ST8000NM0055"
"2024-01-12","ZA18158W","ST8000NM0055"
"2024-01-12","ZA1ER6HQ","ST8000NM0055"
"2024-01-12","ZHZ3RKND","ST12000NM0008"
"2024-01-12","ZHZ3RL4M","ST12000NM0008"
"2024-01-12","ZHZ50QR3","ST12000NM0008"
"2024-01-12","ZHZ62M7G","ST12000NM0008"
"2024-01-12","ZL22ZHNZ","ST16000NM001G"
"2024-01-12","ZL2CS3TX","ST14000NM001G"
"2024-01-12","ZLW0G7QX","ST12000NM001G"
"2024-01-13","Z3041H7Z","ST4000DM000"
"2024-01-13","Z305D66Q","ST4000DM000"
"2024-01-13","Z830A010F97G","TOSHIBA MG07ACA14TA"
"2024-01-13","ZHZ3PVQF","ST14000NM0138"
"2024-01-13","ZHZ4YETC","ST12000NM0008"
"2024-01-13","ZL2L9J7F","ST16000NM001G"
"2024-01-14","7030A07AF97G","TOSHIBA MG07ACA14TA"
"2024-01-14","8CJ6LP2E","HGST HUH721212ALE604"
"2024-01-14","8DHRLZXH","HGST HUH721212ALE604"
"2024-01-14","8HH7A74H","HGST HUH721212ALE604"
"2024-01-14","PL1331LAGSGVLH","HGST HMS5C4040ALE640"
"2024-01-14","QGK6RZZT","WDC WUH721414ALE6L4"
"2024-01-14","Z305PGCW","ST4000DM000"
"2024-01-14","Z305PH38","ST4000DM000"
"2024-01-14","ZA1818CL","ST8000NM0055"
"2024-01-14","ZHZ62F05","ST12000NM0008"
"2024-01-15","40X0A06RF97G","TOSHIBA MG07ACA14TA"
"2024-01-15","5070A02FF97G","TOSHIBA MG07ACA14TA"
"2024-01-15","AAG6NWBH","HGST HUH721212ALN604"
"2024-01-15","ZLW0EFRA","ST12000NM001G"
"2024-01-16","2BJ30MMN","WDC WUH721816ALE6L4"
"2024-01-16","33R0A0DRFVKG","TOSHIBA MG08ACA16TA"
"2024-01-16","5641SFRUS","TOSHIBA MQ01ABF050"
"2024-01-16","8280A02UFVKG","TOSHIBA MG08ACA16TA"
"2024-01-16","AAG6NVJH","HGST HUH721212ALN604"
"2024-01-16","Z305KX50","ST4000DM000"
"2024-01-16","ZA126H5N","ST8000DM002"
"2024-01-16","ZA14ESCH","ST8000NM0055"
"2024-01-16","ZHZ3NWHT","ST14000NM0138"
"2024-01-16","ZHZ5ZHBD","ST12000NM0008"
"2024-01-16","ZL2L9HWZ","ST16000NM001G"
"2024-01-16","ZLW0C6YP","ST12000NM001G"
"2024-01-16","ZLW18EN3","ST14000NM001G"
"2024-01-17","10C0A01DF97G","TOSHIBA MG07ACA14TA"
"2024-01-17","2250A03BFVKG","TOSHIBA MG08ACA16TA"
"2024-01-17","5080A14JF97G","TOSHIBA MG07ACA14TA"
"2024-01-17","6280A0K3FVKG","TOSHIBA MG08ACA16TA"
"2024-01-17","71A0A0H6FVGG","TOSHIBA MG08ACA16TE"
"2024-01-17","X1L0A01QFVKG","TOSHIBA MG08ACA16TA"
"2024-01-17","X880A0DKF97G","TOSHIBA MG07ACA14TA"
"2024-01-17","Z3059HWT","ST4000DM000"
"2024-01-17","Z305D6ND","ST4000DM000"
"2024-01-17","Z305DV3E","ST4000DM000"
"2024-01-17","ZA180FSX","ST8000NM0055"
"2024-01-17","ZA180XHV","ST8000NM0055"
"2024-01-17","ZA1814KH","ST8000NM0055"
"2024-01-17","ZHZ3RAYW","ST12000NM0008"
"2024-01-17","ZLW0H3KG","ST12000NM001G"
"2024-01-18","10K0A08QF97G","TOSHIBA MG07ACA14TA"
"2024-01-18","6280A0RKFVKG","TOSHIBA MG08ACA16TA"
"2024-01-18","X8A0A00EF97G","TOSHIBA MG07ACA14TA"
"2024-01-18","Z305D35W","ST4000DM000"
"2024-01-18","ZA189K4X","ST8000NM0055"
"2024-01-18","ZHZ607L4","ST12000NM0008"
"2024-01-18","ZHZ635WW","ST12000NM0008"
"2024-01-18","ZL23G5WW","ST16000NM001G"
"2024-01-18","ZL23XS1F","ST16000NM001G"
"2024-01-18","ZL2NFZ4J","ST16000NM001G"
"2024-01-18","ZLW0GHBZ","ST12000NM001G"
"2024-01-19","AAG4T17H","HGST HUH721212ALE604"
"2024-01-19","AAG5YHVH","HGST HUH721212ALN604"
"2024-01-19","X880A0ASF97G","TOSHIBA MG07ACA14TA"
"2024-01-19","Z305B6SV","ST4000DM000"
"2024-01-19","Z305JVK6","ST4000DM000"
"2024-01-19","ZHZ0RH56","ST12000NM0008"
"2024-01-19","ZHZ3F000","ST12000NM0008"
"2024-01-19","ZHZ52RB5","ST12000NM0008"
"2024-01-19","ZL23XB4T","ST16000NM001G"
"2024-01-19","ZLW18ECW","ST14000NM001G"
"2024-01-20","2AGMSSTY","HGST HUH721212ALN604"
"2024-01-20","2CJZY4DN","WDC WUH721816ALE6L4"
"2024-01-20","5080A10LF97G","TOSHIBA MG07ACA14TA"
"2024-01-20","5PH9X8UE","HGST HUH721212ALE604"
"2024-01-20","5PJ1KZXD","HGST HUH721212ALE604"
"2024-01-20","AAHL0UEH","HGST HUH721212ALN604"
"2024-01-20","Z305D2MJ","ST4000DM000"
"2024-01-20","Z305DVP8","ST4000DM000"
"2024-01-20","ZA16CMP1","ST8000NM0055"
"2024-01-20","ZHZ4GD4Y","ST12000NM0008"
"2024-01-20","ZHZ63CJW","ST12000NM0008"
"2024-01-20","ZJV3B4SA","ST12000NM0007"
"2024-01-20","ZR60GS9Q","ST14000NM000J"
"2024-01-21","20W0A089F97G","TOSHIBA MG07ACA14TA"
"2024-01-21","8CH5H01E","HGST HUH721212ALN604"
"2024-01-21","8HGL472H","HGST HUH721212ALE604"
"2024-01-21","AAG6AWGH","HGST HUH721212ALN604"
"2024-01-21","ZA138AJ0","ST8000NM0055"
"2024-01-21","ZHZ3DMW1","ST14000NM0138"
"2024-01-21","ZTM072X1","ST14000NM001G"
"2024-01-22","2AGM9JEY","HGST HUH721212ALN604"
"2024-01-22","2AGN64YY","HGST HUH721212ALN604"
"2024-01-22","57RFWNHIT","TOSHIBA MQ01ABF050"
"2024-01-22","70K0A0NGF97G","TOSHIBA MG07ACA14TA"
"2024-01-22","8HK2T93H","HGST HUH721212ALN604"
"2024-01-22","AAG53Y2H","HGST HUH721212ALN604"
"2024-01-22","ZA2191YJ","ST10000NM0086"
"2024-01-22","ZHZ4PDRF","ST12000NM0008"
"2024-01-22","ZJV4TLLS","ST12000NM0007"
"2024-01-22","ZL230LKX","ST16000NM001G"
"2024-01-22","ZL23SG2C","ST16000NM001G"
"2024-01-23","2GK33HKV","WDC WUH722222ALE6L4"
"2024-01-23","2PHV0RGJ","WDC WUH721816ALE6L4"
"2024-01-23","5PHKUUGD","HGST HUH721212ALE604"
"2024-01-23","5PHKUVJD","HGST HUH721212ALE604"
"2024-01-23","8DGMRS4D","HGST HUH721212ALE604"
"2024-01-23","8HK4TAPH","HGST HUH721212ALN604"
"2024-01-23","9MH5X7LJ","WDC WUH721414ALE6L4"
"2024-01-23","Z305KBHL","ST4000DM000"
"2024-01-23","ZHZ65ECR","ST12000NM0008"
"2024-01-23","ZL005D5P","ST12000NM0008"
"2024-01-23","ZL23XFWW","ST16000NM001G"
"2024-01-23","ZL23XZ99","ST16000NM001G"
"2024-01-24","2BJ1G3LN","WDC WUH721816ALE6L4"
"2024-01-24","2GK32TXV","WDC WUH722222ALE6L4"
"2024-01-24","5PHL1BHD","HGST HUH721212ALE604"
"2024-01-24","5PHP9G3D","HGST HUH721212ALE604"
"2024-01-24","7LZ026L3","Seagate BarraCuda SSD ZA250CM10002"
"2024-01-24","8CGUJU6E","HGST HUH721212ALN604"
"2024-01-24","X870A0Q1F97G","TOSHIBA MG07ACA14TA"
"2024-01-24","X880A04MF97G","TOSHIBA MG07ACA14TA"
"2024-01-24","Y0E0A00XF97G","TOSHIBA MG07ACA14TA"
"2024-01-24","ZJV0EMAB","ST12000NM0007"
"2024-01-24","ZJV3A3JL","ST12000NM0007"
"2024-01-24","ZJV3AZ43","ST12000NM0007"
"2024-01-24","ZL23XS6M","ST16000NM001G"
"2024-01-24","ZL2CVV22","ST14000NM001G"
"2024-01-24","ZLW15THD","ST14000NM001G"
"2024-01-24","ZLW16QND","ST14000NM001G"
"2024-01-24","ZTN0AMY1","ST12000NM001G"
"2024-01-25","2BJB98SD","WDC WUH721816ALE6L0"
"2024-01-25","2CJB5BPJ","WDC WUH721816ALE6L0"
"2024-01-25","5PH9PKYF","HGST HUH721212ALE604"
"2024-01-25","92L0A14LFVKG","TOSHIBA MG08ACA16TA"
"2024-01-25","AAG6KW1H","HGST HUH721212ALN604"
"2024-01-25","Z305D5XA","ST4000DM000"
"2024-01-25","Z305PTSS","ST4000DM000"
"2024-01-25","ZA14EB9E","ST8000NM0055"
"2024-01-25","ZA180YZL","ST8000NM0055"
"2024-01-25","ZLW00HSC","ST12000NM001G"
"2024-01-26","563ESIXHS","TOSHIBA MQ01ABF050"
"2024-01-26","5PJABBTD","HGST HUH721212ALE604"
"2024-01-26","AAG6LELH","HGST HUH721212ALN604"
"2024-01-26","Z2A0A00TF97G","TOSHIBA MG07ACA14TA"
"2024-01-26","Z304JJDE","ST4000DM000"
"2024-01-26","Z305DW4N","ST4000DM000"
"2024-01-26","ZHZ50M1Q","ST12000NM0008"
"2024-01-26","ZHZ65823","ST12000NM0008"
"2024-01-26","ZJV0NPT1","ST12000NM0007"
"2024-01-27","QBK1A5PT","WDC WUH721414ALE6L4"
"2024-01-27","Z304HKGN","ST4000DM000"
"2024-01-27","Z304JL8L","ST4000DM000"
"2024-01-27","ZA12HZZV","ST8000DM002"
"2024-01-27","ZA13ZE8H","ST8000DM002"
"2024-01-27","ZA16DY7Q","ST8000NM0055"
"2024-01-27","ZHZ3X9X0","ST12000NM0008"
"2024-01-27","ZL009B2Q","ST12000NM0008"
"2024-01-28","2BJAU92D","WDC WUH721816ALE6L4"
"2024-01-28","8230A182FVKG","TOSHIBA MG08ACA16TA"
"2024-01-28","8DKN513H","HGST HUH721212ALE604"
"2024-01-28","X870A0NKF97G","TOSHIBA MG07ACA14TA"
"2024-01-28","Z305D680","ST4000DM000"
"2024-01-28","ZA12935E","ST8000DM002"
"2024-01-28","ZA12L4NW","ST8000DM002"
"2024-01-28","ZA12QCA7","ST8000DM002"
"2024-01-28","ZA134JQQ","ST8000NM0055"
"2024-01-28","ZHZ3QV3R","ST12000NM0008"
"2024-01-28","ZHZ3WYNP","ST12000NM0008"
"2024-01-28","ZJV3AA85","ST12000NM0007"
"2024-01-28","ZJV3BDAH","ST12000NM0007"
"2024-01-29","20H0A0WUF97G","TOSHIBA MG07ACA14TA"
"2024-01-29","2AGMNG2Y","HGST HUH721212ALN604"
"2024-01-29","57QEWPYBT","TOSHIBA MQ01ABF050"
"2024-01-29","Y8T0A02PF97G","TOSHIBA MG07ACA14TA"
"2024-01-29","Z79KT7BJT","TOSHIBA MQ01ABF050M"
"2024-01-29","ZA142RY4","ST8000DM002"
"2024-01-29","ZA153T7M","ST8000NM0055"
"2024-01-29","ZL005187","ST12000NM0008"
"2024-01-30","7030A00CF97G","TOSHIBA MG07ACA14TA"
"2024-01-30","8HHAY98H","HGST HUH721212ALE604"
"2024-01-30","AAG280UH","HGST HUH721212ALN604"
"2024-01-30","ZA121K51","ST8000DM002"
"2024-01-30","ZA13SSGT","ST8000NM0055"
"2024-01-30","ZA13YLQB","ST8000DM002"
"2024-01-30","ZHZ615Q8","ST12000NM0008"
"2024-01-30","ZJV3BS10","ST12000NM0007"
"2024-01-30","ZL004L8K","ST12000NM0008"
"2024-01-30","ZL2L809E","ST16000NM001G"
"2024-01-31","11J0A0U4F97G","TOSHIBA MG07ACA14TA"
"2024-01-31","40X0A08YF97G","TOSHIBA MG07ACA14TA"
"2024-01-31","52S0A10ZFVKG","TOSHIBA MG08ACA16TA"
"2024-01-31","6210A03CFVKG","TOSHIBA MG08ACA16TA"
"2024-01-31","6210A08BFVKG","TOSHIBA MG08ACA16TA"
"2024-01-31","6210A0L6FVKG","TOSHIBA MG08ACA16TA"
"2024-01-31","6210A11LFVKG","TOSHIBA MG08ACA16TA"
"2024-01-31","6210A17EFVKG","TOSHIBA MG08ACA16TA"
"2024-01-31","8CH4X5ME","HGST HUH721212ALN604"
"2024-01-31","AAHMR2ZH","HGST HUH721212ALN604"
"2024-01-31","X8B0A00TF97G","TOSHIBA MG07ACA14TA"
"2024-01-31","Z305D5V7","ST4000DM000"
"2024-01-31","Z305D645","ST4000DM000"
"2024-01-31","Z305K2TW","ST4000DM000"
"2024-01-31","ZA13F78C","ST8000NM0055"
"2024-01-31","ZA1438SF","ST8000DM002"
"2024-01-31","ZA189XFQ","ST8000NM0055"
"2024-01-31","ZHZ3ARZL","ST14000NM0138"
"2024-01-31","ZL005100","ST12000NM0008"
"2024-01-31","ZL0052FF","ST12000NM0008"
"2024-01-31","ZL005301","ST12000NM0008"
"2024-01-31","ZL2D294F","ST14000NM001G"
"2024-01-31","ZLW0HC52","ST12000NM001G"
"2024-02-01","2BJBZBMD","WDC WUH721816ALE6L0"
"2024-02-01","5090A03XF97G","TOSHIBA MG07ACA14TA"
"2024-02-01","AAG26UXH","HGST HUH721212ALN604"
"2024-02-01","AAG692TH","HGST HUH721212ALN604"
"2024-02-01","ZA180Z6E","ST8000NM0055"
"2024-02-01","ZA189XVF","ST8000NM0055"
"2024-02-01","ZA1FD6XZ","ST8000NM0055"
"2024-02-01","ZCH05M9N","ST12000NM0007"
"2024-02-01","ZHZ63E90","ST12000NM0008"
"2024-02-01","ZL0051BR","ST12000NM0008"
"2024-02-01","ZL23X1SC","ST16000NM001G"
"2024-02-01","ZLW17S1H","ST14000NM001G"
"2024-02-01","ZLW18EAZ","ST14000NM001G"
"2024-02-02","13L0A09NFVKG","TOSHIBA MG08ACA16TA"
"2024-02-02","2PGTY8NT","WDC WUH721816ALE6L4"
"2024-02-02","S2ZYJ9GGB01719","ST500LM012 HN"
"2024-02-02","ZA16YGA4","ST8000NM0055"
"2024-02-02","ZA172K7R","ST8000NM0055"
"2024-02-02","ZA173CVH","ST8000NM0055"
"2024-02-02","ZA180WG7","ST8000NM0055"
"2024-02-02","ZL2CSGFQ","ST14000NM001G"
"2024-02-02","ZL2M6GW4","ST12000NM001G"
"2024-02-02","ZL2MEHP4","ST16000NM001G"
"2024-02-03","10L0A00YF97G","TOSHIBA MG07ACA14TA"
"2024-02-03","189UP7EHT","TOSHIBA MQ01ABF050M"
"2024-02-03","33L0A0BPFVKG","TOSHIBA MG08ACA16TA"
"2024-02-03","7020A0C3F97G","TOSHIBA MG07ACA14TA"
"2024-02-03","Z304LA9G","ST4000DM000"
"2024-02-03","ZA135NLB","ST8000NM0055"
"2024-02-03","ZA1819A1","ST8000NM0055"
"2024-02-03","ZL0051GE","ST12000NM0008"
"2024-02-03","ZL23XRYJ","ST16000NM001G"
"2024-02-03","ZLW18PLR","ST14000NM001G"
"2024-02-04","8DGMEUSH","HGST HUH721212ALE604"
"2024-02-04","ZA13ZKWW","ST8000DM002"
"2024-02-04","ZA13ZVR7","ST8000DM002"
"2024-02-04","ZHZ3C5G1","ST14000NM0138"
"2024-02-04","ZL004QVJ","ST12000NM0008"
"2024-02-04","ZL22YRV2","ST16000NM001G"
"2024-02-04","ZLW0GPMB","ST12000NM001G"
"2024-02-04","ZR60FVHV","ST14000NM000J"
"2024-02-05","11F0A047F97G","TOSHIBA MG07ACA14TA"
"2024-02-05","6210A18KFVKG","TOSHIBA MG08ACA16TA"
"2024-02-05","S2ZYJ9KG828980","ST500LM012 HN"
"2024-02-05","ZHZ4WKKY","ST12000NM0008"
"2024-02-05","ZHZ50R53","ST12000NM0008"
"2024-02-05","ZHZ60QLE","ST12000NM0008"
"2024-02-05","ZLW17SGT","ST14000NM001G"
"2024-02-06","5QJB3HYB","HGST HUH721212ALE604"
"2024-02-06","71A0A1J4FVGG","TOSHIBA MG08ACA16TE"
"2024-02-06","8CGZG6LE","HGST HUH721212ALN604"
"2024-02-06","S2ZYJ9CF715331","ST500LM012 HN"
"2024-02-06","X870A0LYF97G","TOSHIBA MG07ACA14TA"
"2024-02-06","X8B0A01PF97G","TOSHIBA MG07ACA14TA"
"2024-02-06","X8X0A005F97G","TOSHIBA MG07ACA14TA"
"2024-02-06","Y1C0A00SF9RG","TOSHIBA MG07ACA14TEY"
"2024-02-06","ZA13ZVA1","ST8000DM002"
"2024-02-06","ZHZ597E9","ST12000NM0008"
"2024-02-06","ZL005DPD","ST12000NM0008"
"2024-02-06","ZL2NG01L","ST16000NM001G"
"2024-02-06","ZLW0SYEM","ST12000NM001G"
"2024-02-06","ZLW0X3CA","ST12000NM001G"
"2024-02-07","5PHNMK8F","HGST HUH721212ALE604"
"2024-02-07","Z305D6QT","ST4000DM000"
"2024-02-07","Z7GIT90BT","TOSHIBA MQ01ABF050M"
"2024-02-07","ZHZ3T5CT","ST12000NM0008"
"2024-02-07","ZHZ4XJ3P","ST12000NM0008"
"2024-02-07","ZL00535K","ST12000NM0008"
"2024-02-07","ZL00535S","ST12000NM0008"
"2024-02-07","ZL005DDY","ST12000NM0008"
"2024-02-07","ZL202M38","ST16000NM001G"
"2024-02-08","1280A007FVKG","TOSHIBA MG08ACA16TA"
"2024-02-08","6280A00FFVKG","TOSHIBA MG08ACA16TA"
"2024-02-08","8DKA9Z5H","HGST HUH721212ALE604"
"2024-02-08","Z304KCF6","ST4000DM000"
"2024-02-08","ZA14ECND","ST8000NM0055"
"2024-02-08","ZA180ZTC","ST8000NM0055"
"2024-02-08","ZHZ3CX0N","ST14000NM0138"
"2024-02-08","ZHZ41R22","ST14000NM0138"
"2024-02-08","ZJV4TLHN","ST12000NM0007"
"2024-02-08","ZLW17S0V","ST14000NM001G"
"2024-02-08","ZR800RFH","ST12000NM000J"
"2024-02-09","2BJAGV2N","WDC WUH721816ALE6L4"
"2024-02-09","3070A07EF97G","TOSHIBA MG07ACA14TA"
"2024-02-09","51R0A215FVGG","TOSHIBA MG08ACA16TE"
"2024-02-09","6210A0P4FVKG","TOSHIBA MG08ACA16TA"
"2024-02-09","6250A013FVKG","TOSHIBA MG08ACA16TA"
"2024-02-09","8190A047FVKG","TOSHIBA MG08ACA16TA"
"2024-02-09","8HH75E7H","HGST HUH721212ALE604"
"2024-02-09","8HJJ4AEH","HGST HUH721212ALN604"
"2024-02-09","8HK6XMMH","HGST HUH721212ALN604"
"2024-02-09","AAHBLEGH","HGST HUH721212ALN604"
"2024-02-09","X230A09BFVKG","TOSHIBA MG08ACA16TA"
"2024-02-09","X870A0KSF97G","TOSHIBA MG07ACA14TA"
"2024-02-09","ZA11NXBL","ST8000DM002"
"2024-02-09","ZA12NMG7","ST8000DM002"
"2024-02-09","ZA153T5H","ST8000NM0055"
"2024-02-09","ZA18109M","ST8000NM0055"
"2024-02-09","ZHZ3X3AR","ST12000NM0008"
"2024-02-09","ZL0055HJ","ST12000NM0008"
"2024-02-10","52S0A0YDFVKG","TOSHIBA MG08ACA16TA"
"2024-02-10","6280A09UFVKG","TOSHIBA MG08ACA16TA"
"2024-02-10","AAG27ZPH","HGST HUH721212ALN604"
"2024-02-10","AAG53ZKH","HGST HUH721212ALN604"
"2024-02-10","AAH5GT2H","HGST HUH721212ALN604"
"2024-02-10","PL2331LAHDA3VJ","HGST HMS5C4040BLE640"
"2024-02-10","X2A0A0PAFVKG","TOSHIBA MG08ACA16TA"
"2024-02-10","Y76EK0N9FZ1D","TOSHIBA HDWF180"
"2024-02-10","ZHZ41W17","ST12000NM0008"
"2024-02-10","ZHZ4FVA2","ST14000NM0138"
"2024-02-10","ZJV3BY3N","ST12000NM0007"
"2024-02-10","ZJV3C7KA","ST12000NM0007"
"2024-02-10","ZL2D9DR8","ST14000NM001G"
"2024-02-10","ZLW18RZA","ST14000NM001G"
"2024-02-11","5090A0PZF97G","TOSHIBA MG07ACA14TA"
"2024-02-11","5PHKSS9D","HGST HUH721212ALE604"
"2024-02-11","5PHMZT5F","HGST HUH721212ALE604"
"2024-02-11","8190A0FJFVKG","TOSHIBA MG08ACA16TA"
"2024-02-11","AAG282KH","HGST HUH721212ALN604"
"2024-02-11","VKGZAUXX","HGST HUH728080ALE600"
"2024-02-11","Z1T0A08TFVKG","TOSHIBA MG08ACA16TA"
"2024-02-11","ZA1378E3","ST8000DM002"
"2024-02-11","ZHZ62FDQ","ST12000NM0008"
"2024-02-11","ZJV48PLB","ST12000NM0007"
"2024-02-11","ZL00560T","ST12000NM0008"
"2024-02-11","ZL2C1WQH","ST14000NM001G"
"2024-02-11","ZL2L8QBW","ST16000NM001G"
"2024-02-11","ZLW0VDMG","ST12000NM001G"
"2024-02-12","12C0A048FVKG","TOSHIBA MG08ACA16TA"
"2024-02-12","22D0A2HXFV8G","TOSHIBA MG08ACA16TEY"
"2024-02-12","2BJBY3LD","WDC WUH721816ALE6L0"
"2024-02-12","2BJBYLLD","WDC WUH721816ALE6L0"
"2024-02-12","2BJBZBYD","WDC WUH721816ALE6L0"
"2024-02-12","2GK2S0HV","WDC WUH722222ALE6L4"
"2024-02-12","31G0A0YQFV8G","TOSHIBA MG08ACA16TEY"
"2024-02-12","52S0A18CFVKG","TOSHIBA MG08ACA16TA"
"2024-02-12","6250A0FQFVKG","TOSHIBA MG08ACA16TA"
"2024-02-12","6250A0YCFVKG","TOSHIBA MG08ACA16TA"
"2024-02-12","71P0A1H9FV8G","TOSHIBA MG08ACA16TEY"
"2024-02-12","X0GEGU5C","WDC WUH721414ALE6L4"
"2024-02-12","X1K0A029FVKG","TOSHIBA MG08ACA16TA"
"2024-02-12","X880A0DGF97G","TOSHIBA MG07ACA14TA"
"2024-02-12","Z302SZ55","ST4000DM000"
"2024-02-12","Z305D2MY","ST4000DM000"
"2024-02-12","Z305D3CZ","ST4000DM000"
"2024-02-12","ZA13QHXG","ST8000NM0055"
"2024-02-12","ZA14ES7P","ST8000NM0055"
"2024-02-12","ZL0055H1","ST12000NM0008"
"2024-02-13","188DT94NT","TOSHIBA MQ01ABF050M"
"2024-02-13","2AGMPH6Y","HGST HUH721212ALN604"
"2024-02-13","5PH9TR3E","HGST HUH721212ALE604"
"2024-02-13","6250A1CMFVKG","TOSHIBA MG08ACA16TA"
"2024-02-13","ZA12RAWA","ST8000DM002"
"2024-02-13","ZA181A93","ST8000NM0055"
"2024-02-13","ZA1FSQFJ","ST8000NM0055"
"2024-02-13","ZHZ50LT7","ST12000NM0008"
"2024-02-13","ZJV4QY7X","ST12000NM0007"
"2024-02-13","ZL005DJV","ST12000NM0008"
"2024-02-14","10K0A079F97G","TOSHIBA MG07ACA14TA"
"2024-02-14","12A0A04ZFVKG","TOSHIBA MG08ACA16TA"
"2024-02-14","2AGMNP3Y","HGST HUH721212ALN604"
"2024-02-14","5PJUUGGF","HGST HUH721212ALE604"
"2024-02-14","6280A0CLFVKG","TOSHIBA MG08ACA16TA"
"2024-02-14","AAG61M3H","HGST HUH721212ALN604"
"2024-02-14","AAG6DVMH","HGST HUH721212ALN604"
"2024-02-14","AAH995TH","HGST HUH721212ALN604"
"2024-02-14","X1G9T3SL","WDC WUH721414ALE6L4"
"2024-02-14","ZA13B430","ST8000DM002"
"2024-02-14","ZA212VWN","ST10000NM0086"
"2024-02-14","ZL2KATPH","ST16000NM001G"
"2024-02-14","ZL2P37TN","ST16000NM001G"
"2024-02-14","ZLW0G7V2","ST12000NM001G"
"2024-02-15","70E0A0FDF97G","TOSHIBA MG07ACA14TA"
"2024-02-15","8CH5214E","HGST HUH721212ALN604"
"2024-02-15","8CH55WHE","HGST HUH721212ALN604"
"2024-02-15","X870A0LCF97G","TOSHIBA MG07ACA14TA"
"2024-02-15","Z305D6Z2","ST4000DM000"
"2024-02-15","ZA16DV0D","ST8000NM0055"
"2024-02-15","ZA16DV9M","ST8000NM0055"
"2024-02-15","ZA17ZNJ3","ST8000NM0055"
"2024-02-15","ZA180Z51","ST8000NM0055"
"2024-02-15","ZA189HTN","ST8000NM0055"
"2024-02-15","ZHZ44NVN","ST12000NM0008"
"2024-02-15","ZLW0C79M","ST12000NM001G"
"2024-02-15","ZLW0GHC8","ST12000NM001G"
"2024-02-15","ZLW18EWN","ST14000NM001G"
"2024-02-16","8190A28TFV8G","TOSHIBA MG08ACA16TEY"
"2024-02-16","AAG6ULJH","HGST HUH721212ALN604"
"2024-02-16","Z305APKH","ST4000DM000"
"2024-02-16","ZA143E5X","ST8000DM002"
"2024-02-16","ZL005DNR","ST12000NM0008"
"2024-02-17","22320B805381","WD Blue SA510 2.5 250GB"
"2024-02-17","5PHL35VD","HGST HUH721212ALE604"
"2024-02-17","ZA181A3K","ST8000NM0055"
"2024-02-17","ZHZ36BRQ","ST14000NM0138"
"2024-02-17","ZHZ50QX4","ST12000NM0008"
"2024-02-17","ZJV3D08N","ST12000NM0007"
"2024-02-17","ZLW0LE2Q","ST12000NM001G"
"2024-02-17","ZLW15TDQ","ST14000NM001G"
"2024-02-18","22321A803732","WD Blue SA510 2.5 250GB"
"2024-02-18","8DJ4081H","HGST HUH721212ALE604"
"2024-02-18","AAG2JJZH","HGST HUH721212ALN604"
"2024-02-18","AAG2UWYH","HGST HUH721212ALN604"
"2024-02-18","AAG2V1NH","HGST HUH721212ALN604"
"2024-02-18","ZA14EBM8","ST8000NM0055"
"2024-02-18","ZHZ62NAJ","ST12000NM0008"
"2024-02-18","ZJV3D9YR","ST12000NM0007"
"2024-02-18","ZLW0G94A","ST12000NM001G"
"2024-02-19","61A0A04ZF97G","TOSHIBA MG07ACA14TA"
"2024-02-19","AAH55ZEH","HGST HUH721212ALN604"
"2024-02-19","ZA1805X6","ST8000NM0055"
"2024-02-19","ZHZ3PMB1","ST12000NM0008"
"2024-02-19","ZHZ4NTLG","ST12000NM0008"
"2024-02-19","ZHZ50GDQ","ST12000NM0008"
"2024-02-19","ZJV3C9YG","ST12000NM0007"
"2024-02-19","ZJV3CBNR","ST12000NM0007"
"2024-02-19","ZJV3D9K3","ST12000NM0007"
"2024-02-19","ZJV4ZQ6Q","ST12000NM0007"
"2024-02-20","22321A800465","WD Blue SA510 2.5 250GB"
"2024-02-20","2AGM8WGY","HGST HUH721212ALN604"
"2024-02-20","57HBWEELT","TOSHIBA MQ01ABF050"
"2024-02-20","5PHLA41D","HGST HUH721212ALE604"
"2024-02-20","5PJ71RSD","HGST HUH721212ALE604"
"2024-02-20","6140A01NF97G","TOSHIBA MG07ACA14TA"
"2024-02-20","61A0A0MYF97G","TOSHIBA MG07ACA14TA"
"2024-02-20","8CGTTPVE","HGST HUH721212ALN604"
"2024-02-20","AAG2H8LH","HGST HUH721212ALN604"
"2024-02-20","AAG63W8H","HGST HUH721212ALN604"
"2024-02-20","Z305APY4","ST4000DM000"
"2024-02-20","ZA171S07","ST8000NM0055"
"2024-02-20","ZA1819TT","ST8000NM0055"
"2024-02-20","ZA21DR0K","ST10000NM0086"
"2024-02-20","ZHZ2KM60","ST12000NM0008"
"2024-02-20","ZHZ62M14","ST12000NM0008"
"2024-02-21","3360A0EBFVKG","TOSHIBA MG08ACA16TA"
"2024-02-21","5120A0DRF97G","TOSHIBA MG07ACA14TA"
"2024-02-21","5PHLA8JD","HGST HUH721212ALE604"
"2024-02-21","6290A059FVKG","TOSHIBA MG08ACA16TA"
"2024-02-21","8CGWSTUE","HGST HUH721212ALN604"
"2024-02-21","9MG6PSMJ","WDC WUH721414ALE6L4"
"2024-02-21","X8G0A03MF97G","TOSHIBA MG07ACA14TA"
"2024-02-21","ZA14EYZ5","ST8000NM0055"
"2024-02-21","ZA1723XX","ST8000NM0055"
"2024-02-21","ZA180YVZ","ST8000NM0055"
"2024-02-21","ZA1819M9","ST8000NM0055"
"2024-02-21","ZDEDT0XT","ST500LM030"
"2024-02-21","ZHZ4WP26","ST12000NM0008"
"2024-02-21","ZHZ5GNCH","ST12000NM0008"
"2024-02-21","ZHZ5V0SJ","ST12000NM0008"
"2024-02-22","1270A0HCFVKG","TOSHIBA MG08ACA16TA"
"2024-02-22","2AGM8ETY","HGST HUH721212ALN604"
"2024-02-22","6240A104FVKG","TOSHIBA MG08ACA16TA"
"2024-02-22","AAHMH2KH","HGST HUH721212ALN604"
"2024-02-22","VKGK4EUX","HGST HUH728080ALE600"
"2024-02-22","Z305D5VA","ST4000DM000"
"2024-02-22","ZA128XRS","ST8000DM002"
"2024-02-22","ZHZ62N8F","ST12000NM0008"
"2024-02-22","ZHZ6BG2D","ST12000NM0008"
"2024-02-22","ZHZ6D38K","ST12000NM0008"
"2024-02-22","ZL0051YJ","ST12000NM0008"
"2024-02-22","ZL005DF4","ST12000NM0008"
"2024-02-22","ZL22YCAZ","ST16000NM001G"
"2024-02-22","ZL2CNV8V","ST14000NM001G"
"2024-02-22","ZR50124A","ST18000NM000J"
"2024-02-23","3WJ9VTSJ","WDC WUH721816ALE6L4"
"2024-02-23","40M0A0DZF97G","TOSHIBA MG07ACA14TA"
"2024-02-23","5120A01XF97G","TOSHIBA MG07ACA14TA"
"2024-02-23","51T0A34NFVGG","TOSHIBA MG08ACA16TE"
"2024-02-23","5PHKP1GD","HGST HUH721212ALE604"
"2024-02-23","5PHRKR9D","HGST HUH721212ALE604"
"2024-02-23","X0GG5JGC","WDC WUH721414ALE6L4"
"2024-02-23","Z305D67F","ST4000DM000"
"2024-02-23","Z305GCHL","ST4000DM000"
"2024-02-23","ZA17ZC0S","ST8000NM0055"
"2024-02-23","ZHZ3NC25","ST12000NM0008"
"2024-02-23","ZHZ3S3VF","ST12000NM0008"
"2024-02-23","ZL22YRTZ","ST16000NM001G"
"2024-02-24","6250A1GCFVKG","TOSHIBA MG08ACA16TA"
"2024-02-24","8CH16PEE","HGST HUH721212ALN604"
"2024-02-24","X8B0A009F97G","TOSHIBA MG07ACA14TA"
"2024-02-24","Z7OVTDBWT","TOSHIBA MQ01ABF050M"
"2024-02-24","ZA171SG5","ST8000NM0055"
"2024-02-24","ZHZ3PY46","ST12000NM0008"
"2024-02-24","ZHZ3Z6XP","ST12000NM0008"
"2024-02-24","ZHZ4QNZE","ST12000NM0008"
"2024-02-24","ZHZ511QP","ST12000NM0008"
"2024-02-24","ZHZ6DL1A","ST12000NM0008"
"2024-02-24","ZL23X21E","ST16000NM001G"
"2024-02-24","ZLW18PXS","ST14000NM001G"
"2024-02-24","ZTN08824","ST12000NM001G"
"2024-02-25","13P0A02NFVKG","TOSHIBA MG08ACA16TA"
"2024-02-25","5PHKT77D","HGST HUH721212ALE604"
"2024-02-25","8160A1GEFVKG","TOSHIBA MG08ACA16TA"
"2024-02-25","8DH8JZGH","HGST HUH721212ALE604"
"2024-02-25","ZA17ZF1E","ST8000NM0055"
"2024-02-25","ZHZ41J2F","ST12000NM0008"
"2024-02-25","ZHZ4XP6W","ST12000NM0008"
"2024-02-25","ZLW17RSH","ST14000NM001G"
"2024-02-26","2AGLZV8Y","HGST HUH721212ALN604"
"2024-02-26","2BJBZ2UD","WDC WUH721816ALE6L0"
"2024-02-26","81B0A02VFVKG","TOSHIBA MG08ACA16TA"
"2024-02-26","PL1331LAHD18EH","HGST HMS5C4040BLE640"
"2024-02-26","Z304SLJ9","ST4000DM000"
"2024-02-26","ZA21DPKZ","ST10000NM0086"
"2024-02-26","ZL23WSGR","ST16000NM001G"
"2024-02-26","ZL23XZEA","ST16000NM001G"
"2024-02-26","ZLW0G8VY","ST12000NM001G"
"2024-02-27","2AGMHX1Y","HGST HUH721212ALN604"
"2024-02-27","2AGMNLDY","HGST HUH721212ALN604"
"2024-02-27","2PGTMNTT","WDC WUH721816ALE6L4"
"2024-02-27","7020A0EKF97G","TOSHIBA MG07ACA14TA"
"2024-02-27","AAG5Y5HH","HGST HUH721212ALN604"
"2024-02-27","S2ZYJ9AFB16907","ST500LM012 HN"
"2024-02-27","X8D0A01DF97G","TOSHIBA MG07ACA14TA"
"2024-02-27","Z305B671","ST4000DM000"
"2024-02-27","ZA181466","ST8000NM0055"
"2024-02-27","ZHZ3NQTA","ST12000NM0008"
"2024-02-27","ZHZ41S7K","ST12000NM0008"
"2024-02-27","ZHZ437N5","ST12000NM0008"
"2024-02-27","ZHZ661FS","ST12000NM0008"
"2024-02-27","ZLW18NYT","ST14000NM001G"
"2024-02-27","ZLW18RNH","ST14000NM001G"
"2024-02-28","2AGMLY5Y","HGST HUH721212ALN604"
"2024-02-28","5090A0PRF97G","TOSHIBA MG07ACA14TA"
"2024-02-28","70F0A04MF97G","TOSHIBA MG07ACA14TA"
"2024-02-28","AAG26N2H","HGST HUH721212ALN604"
"2024-02-28","Z305D30G","ST4000DM000"
"2024-02-28","Z305D4C8","ST4000DM000"
"2024-02-28","Z305DHX1","ST4000DM000"
"2024-02-28","ZA14WYB6","ST8000NM0055"
"2024-02-28","ZA153T1P","ST8000NM0055"
"2024-02-28","ZHZ3CGNP","ST14000NM0138"
"2024-02-28","ZHZ46PFE","ST12000NM0008"
"2024-02-28","ZHZ65F05","ST12000NM0008"
"2024-02-28","ZJV0MDPM","ST12000NM0007"
"2024-02-28","ZL2CN05H","ST14000NM001G"
"2024-02-29","20H0A01JF97G","TOSHIBA MG07ACA14TA"
"2024-02-29","3GK5N5SF","WDC WUH721816ALE6L4"
"2024-02-29","8HH0YM5H","HGST HUH721212ALE604"
"2024-02-29","AAH979LH","HGST HUH721212ALN604"
"2024-02-29","X880A0G4F97G","TOSHIBA MG07ACA14TA"
"2024-02-29","Z1T0A06AFVKG","TOSHIBA MG08ACA16TA"
"2024-02-29","Z3058TPC","ST4000DM000"
"2024-02-29","Z305D32G","ST4000DM000"
"2024-02-29","ZHZ3QCJK","ST12000NM0008"
"2024-02-29","ZHZ5GZLL","ST12000NM0008"
"2024-02-29","ZLW0C73J","ST12000NM001G"
"2024-02-29","ZLW0DMMR","ST12000NM001G"
"2024-03-01","5PHRR5ED","HGST HUH721212ALE604"
"2024-03-01","5QJB8X3B","HGST HUH721212ALE604"
"2024-03-01","6240A2X8FVKG","TOSHIBA MG08ACA16TA"
"2024-03-01","QBK0A34T","WDC WUH721414ALE6L4"
"2024-03-01","X2E0A06XFVKG","TOSHIBA MG08ACA16TA"
"2024-03-01","ZA14ELA1","ST8000NM0055"
"2024-03-01","ZA16DRTG","ST8000NM0055"
"2024-03-01","ZHZ45LEC","ST12000NM0008"
"2024-03-01","ZHZ50QYT","ST12000NM0008"
"2024-03-01","ZJV3C2Y1","ST12000NM0007"
"2024-03-01","ZJV3CW35","ST12000NM0007"
"2024-03-01","ZL003YL9","ST12000NM0008"
"2024-03-01","ZL2MM15L","ST16000NM001G"
"2024-03-02","11J0A0VNF97G","TOSHIBA MG07ACA14TA"
"2024-03-02","5PHLAGSD","HGST HUH721212ALE604"
"2024-03-02","5PJ7L7ZD","HGST HUH721212ALE604"
"2024-03-02","8DH543EH","HGST HUH721212ALE604"
"2024-03-02","8DHUET9H","HGST HUH721212ALE604"
"2024-03-02","92E0A05GFVKG","TOSHIBA MG08ACA16TA"
"2024-03-02","AAG6KRTH","HGST HUH721212ALN604"
"2024-03-02","S2ZYJ9GGB01182","ST500LM012 HN"
"2024-03-02","ZLW0G55P","ST12000NM001G"
"2024-03-03","10L0A005F97G","TOSHIBA MG07ACA14TA"
"2024-03-03","2AGNEDPY","HGST HUH721212ALN604"
"2024-03-03","33Q0A1BJFVKG","TOSHIBA MG08ACA16TA"
"2024-03-03","5PHL1DKD","HGST HUH721212ALE604"
"2024-03-03","5PHRLKYD","HGST HUH721212ALE604"
"2024-03-03","7090A08MF97G","TOSHIBA MG07ACA14TA"
"2024-03-03","8DHAU6ZH","HGST HUH721212ALE604"
"2024-03-03","8HH1WN9H","HGST HUH721212ALE604"
"2024-03-03","AAG7PZ5H","HGST HUH721212ALN604"
"2024-03-03","AAH3RAUH","HGST HUH721212ALE604"
"2024-03-03","AAHL9ZAH","HGST HUH721212ALN604"
"2024-03-03","ZA21ALCD","ST10000NM0086"
"2024-03-03","ZL22Z91X","ST16000NM001G"
"2024-03-03","ZLW15TLN","ST14000NM001G"
"2024-03-04","2AGMLZVY","HGST HUH721212ALN604"
"2024-03-04","2AGPPHEY","HGST HUH721212ALN604"
"2024-03-04","39D0A004F97G","TOSHIBA MG07ACA14TA"
"2024-03-04","61A0A0YTF97G","TOSHIBA MG07ACA14TA"
"2024-03-04","8DHEHUKH","HGST HUH721212ALE604"
"2024-03-04","8HK5T2WH","HGST HUH721212ALN604"
"2024-03-04","AAG68G1H","HGST HUH721212ALN604"
"2024-03-04","QGK6MUST","WDC WUH721414ALE6L4"
"2024-03-04","X880A02KF97G","TOSHIBA MG07ACA14TA"
"2024-03-04","Z3050N8W","ST4000DM000"
"2024-03-04","ZA142REL","ST8000DM002"
"2024-03-04","ZA1819DY","ST8000NM0055"
"2024-03-04","ZHZ4X905","ST12000NM0008"
"2024-03-04","ZL0056AY","ST12000NM0008"
"2024-03-05","5PJ2K59D","HGST HUH721212ALE604"
"2024-03-05","8HH58M4H","HGST HUH721212ALE604"
"2024-03-05","8HH7MVDH","HGST HUH721212ALE604"
"2024-03-05","AAG1RUVH","HGST HUH721212ALN604"
"2024-03-05","ZA21A9Z5","ST10000NM0086"
"2024-03-05","ZJV4CKAA","ST12000NM0007"
"2024-03-05","ZLW0GQ78","ST12000NM001G"
"2024-03-05","ZLW15TMC","ST14000NM001G"
"2024-03-06","5PHKHV4F","HGST HUH721212ALE604"
"2024-03-06","69Q0A004F97G","TOSHIBA MG07ACA14TA"
"2024-03-06","X8B0A01BF97G","TOSHIBA MG07ACA14TA"
"2024-03-06","ZA12KEDS","ST8000DM002"
"2024-03-06","ZHZ4Q5XX","ST12000NM0008"
"2024-03-06","ZHZ62XG9","ST12000NM0008"
"2024-03-06","ZJV3BLVK","ST12000NM0007"
"2024-03-06","ZLW0EGAB","ST12000NM001G"
"2024-03-07","3370A02SFVKG","TOSHIBA MG08ACA16TA"
"2024-03-07","3ZH5RK0Z","WDC WUH722222ALE6L4"
"2024-03-07","5120A0KPF97G","TOSHIBA MG07ACA14TA"
"2024-03-07","5120A0MRF97G","TOSHIBA MG07ACA14TA"
"2024-03-07","PL1331LAHGUT8H","HGST HMS5C4040ALE640"
"2024-03-07","Z1S0A00UFVKG","TOSHIBA MG08ACA16TA"
"2024-03-07","Z304ZFPP","ST4000DM000"
"2024-03-07","ZA12PTJK","ST8000DM002"
"2024-03-07","ZHZ67V0K","ST12000NM0008"
"2024-03-08","10N0A010F97G","TOSHIBA MG07ACA14TA"
"2024-03-08","6280A0PNFVKG","TOSHIBA MG08ACA16TA"
"2024-03-08","70A0A02EF97G","TOSHIBA MG07ACA14TA"
"2024-03-08","8180A13NFVKG","TOSHIBA MG08ACA16TA"
"2024-03-08","PL2331LAHAWWPJ","HGST HMS5C4040BLE640"
"2024-03-08","QGK6SUZT","WDC WUH721414ALE6L4"
"2024-03-08","ZA1096HN","ST8000NM0055"
"2024-03-08","ZHZ2Y5GV","ST14000NM0138"
"2024-03-08","ZHZ3CQS3","ST14000NM0138"
"2024-03-08","ZHZ4K3AX","ST12000NM0008"
"2024-03-08","ZL005DHM","ST12000NM0008"
"2024-03-08","ZL2L8BNL","ST16000NM001G"
"2024-03-09","20W0A0C2F97G","TOSHIBA MG07ACA14TA"
"2024-03-09","2AGN6TPY","HGST HUH721212ALN604"
"2024-03-09","2TGKH4AE","WDC WUH722222ALE6L4"
"2024-03-09","51R0A49DFVGG","TOSHIBA MG08ACA16TE"
"2024-03-09","AAG1TW9H","HGST HUH721212ALN604"
"2024-03-09","Z1C0A002FVKG","TOSHIBA MG08ACA16TA"
"2024-03-09","Z305K1X1","ST4000DM000"
"2024-03-09","Z79KT7AVT","TOSHIBA MQ01ABF050M"
"2024-03-09","ZA12XRM6","ST8000NM0055"
"2024-03-09","ZA13EWNF","ST8000NM0055"
"2024-03-09","ZHZ65LYL","ST12000NM0008"
"2024-03-09","ZL2308TL","ST16000NM001G"
"2024-03-10","13R0A0KJFVKG","TOSHIBA MG08ACA16TA"
"2024-03-10","2BJ2Y6ZN","WDC WUH721816ALE6L4"
"2024-03-10","8HK6VSKH","HGST HUH721212ALN604"
"2024-03-10","Z210A02AF97G","TOSHIBA MG07ACA14TA"
"2024-03-10","ZL005C24","ST12000NM0008"
"2024-03-10","ZL2CH93Q","ST14000NM001G"
"2024-03-11","10N0A024F97G","TOSHIBA MG07ACA14TA"
"2024-03-11","2AGMLZTY","HGST HUH721212ALN604"
"2024-03-11","5PHA1KXF","HGST HUH721212ALE604"
"2024-03-11","88S0A01XF97G","TOSHIBA MG07ACA14TA"
"2024-03-11","9890B00ZV97G","TOSHIBA MG07ACA14TA"
"2024-03-11","X880A0H3F97G","TOSHIBA MG07ACA14TA"
"2024-03-11","ZA12626Z","ST8000DM002"
"2024-03-11","ZHZ62E4H","ST12000NM0008"
"2024-03-11","ZHZ62FEF","ST12000NM0008"
"2024-03-11","ZHZ62GR5","ST12000NM0008"
"2024-03-12","43S0A049FVKG","TOSHIBA MG08ACA16TA"
"2024-03-12","5PHRJ1GD","HGST HUH721212ALE604"
"2024-03-12","Z305D6LS","ST4000DM000"
"2024-03-12","Z305DGPP","ST4000DM000"
"2024-03-12","Z830A021F97G","TOSHIBA MG07ACA14TA"
"2024-03-12","ZA13RHBP","ST8000DM002"
"2024-03-12","ZLW18ED3","ST14000NM001G"
"2024-03-13","33Q0A09MFVKG","TOSHIBA MG08ACA16TA"
"2024-03-13","51R0A1JQFVGG","TOSHIBA MG08ACA16TE"
"2024-03-13","5PJS06NE","HGST HUH721212ALE604"
"2024-03-13","8CGKLABG","HGST HUH721212ALE600"
"2024-03-13","PL2331LAHDEBEJ","HGST HMS5C4040BLE640"
"2024-03-13","WL20VNY6","ST16000NM001G"
"2024-03-13","Z305NZ4J","ST4000DM000"
"2024-03-13","ZL004L59","ST12000NM0008"
"2024-03-14","40L0A07LF97G","TOSHIBA MG07ACA14TA"
"2024-03-14","6290A00DFVKG","TOSHIBA MG08ACA16TA"
"2024-03-14","8CGLB44G","HGST HUH721212ALE600"
"2024-03-14","ZA11X9VP","ST8000DM002"
"2024-03-14","ZA17068K","ST8000NM0055"
"2024-03-14","ZA182LAQ","ST8000NM0055"
"2024-03-14","ZHZ4X93L","ST12000NM0008"
"2024-03-14","ZHZ62PWS","ST12000NM0008"
"2024-03-14","ZJV3A1PN","ST12000NM0007"
"2024-03-14","ZL22ZSEC","ST16000NM001G"
"2024-03-14","ZLW0GJC7","ST12000NM001G"
"2024-03-15","188DT94TT","TOSHIBA MQ01ABF050M"
"2024-03-15","5010A007F97G","TOSHIBA MG07ACA14TA"
"2024-03-15","5370A01HFVKG","TOSHIBA MG08ACA16TA"
"2024-03-15","8230A13GFVKG","TOSHIBA MG08ACA16TA"
"2024-03-15","X0GEGU0C","WDC WUH721414ALE6L4"
"2024-03-15","Z30539E7","ST4000DM000"
"2024-03-15","ZA132N4F","ST8000NM0055"
"2024-03-15","ZHZ69ZS8","ST12000NM0008"
"2024-03-15","ZL005DHK","ST12000NM0008"
"2024-03-15","ZLW0G68T","ST12000NM001G"
"2024-03-16","51S0A2ULFVGG","TOSHIBA MG08ACA16TE"
"2024-03-16","53X0A00GF9RG","TOSHIBA MG07ACA14TEY"
"2024-03-16","8HKUB34H","HGST HUH721212ALN604"
"2024-03-16","ZHZ50X8C","ST12000NM0008"
"2024-03-16","ZHZ63E8D","ST12000NM0008"
"2024-03-16","ZHZ659XR","ST12000NM0008"
"2024-03-16","ZL00524W","ST12000NM0008"
"2024-03-16","ZL005CRT","ST12000NM0008"
"2024-03-16","ZLW0G8Z9","ST12000NM001G"
"2024-03-17","5PHLA9RD","HGST HUH721212ALE604"
"2024-03-17","8230A1X8FVKG","TOSHIBA MG08ACA16TA"
"2024-03-17","88R0A0AQF97G","TOSHIBA MG07ACA14TA"
"2024-03-17","X0GDK4AC","WDC WUH721414ALE6L4"
"2024-03-17","ZA181A6N","ST8000NM0055"
"2024-03-17","ZJV3AVA4","ST12000NM0007"
"2024-03-17","ZL23X4BN","ST16000NM001G"
"2024-03-17","ZL24QC7A","ST16000NM001G"
"2024-03-17","ZLW0G7P4","ST12000NM001G"
"2024-03-17","ZLW0G8E3","ST12000NM001G"
"2024-03-17","ZLW0GQDP","ST12000NM001G"
"2024-03-18","2BJD0NND","WDC WUH721816ALE6L0"
"2024-03-18","51S0A35LFVGG","TOSHIBA MG08ACA16TE"
"2024-03-18","71C0A04PFV8G","TOSHIBA MG08ACA16TEY"
"2024-03-18","96HCTBI0T","TOSHIBA MQ01ABF050"
"2024-03-18","Z302SZ32","ST4000DM000"
"2024-03-18","ZA16DQ2C","ST8000NM0055"
"2024-03-18","ZL22Z8PN","ST16000NM001G"
"2024-03-18","ZL23XA8J","ST16000NM001G"
"2024-03-18","ZL23XBEM","ST16000NM001G"
"2024-03-18","ZL2LTQEL","ST16000NM001G"
"2024-03-18","ZLW0G8W1","ST12000NM001G"
"2024-03-18","ZLW0GHRC","ST12000NM001G"
"2024-03-18","ZLW17S9S","ST14000NM001G"
"2024-03-18","ZLW18V4V","ST14000NM001G"
"2024-03-19","10G0A00SF97G","TOSHIBA MG07ACA14TA"
"2024-03-19","5PHRL0VD","HGST HUH721212ALE604"
"2024-03-19","7060A04CFV8G","TOSHIBA MG08ACA16TEY"
"2024-03-19","71C0A04FFV8G","TOSHIBA MG08ACA16TEY"
"2024-03-19","78B0A039F97G","TOSHIBA MG07ACA14TA"
"2024-03-19","AAG26T6H","HGST HUH721212ALN604"
"2024-03-19","AAHLJ4MH","HGST HUH721212ALN604"
"2024-03-19","ZA13ZVEY","ST8000DM002"
"2024-03-19","ZHZ3DTCJ","ST14000NM0138"
"2024-03-19","ZL005CHL","ST12000NM0008"
"2024-03-19","ZL005CN2","ST12000NM0008"
"2024-03-19","ZLW0GP7P","ST12000NM001G"
"2024-03-20","ZA13207A","ST8000DM002"
"2024-03-20","ZA13YPCF","ST8000DM002"
"2024-03-20","ZHZ39L8T","ST14000NM0138"
"2024-03-20","ZHZ3CJSP","ST14000NM0138"
"2024-03-20","ZLW0EFRV","ST12000NM001G"
"2024-03-21","20H0A010F97G","TOSHIBA MG07ACA14TA"
"2024-03-21","5BGAYLYL","WDC WUH721816ALE6L4"
"2024-03-21","8DJ0PV7H","HGST HUH721212ALE604"
"2024-03-21","PL2331LAH3XHWJ","HGST HMS5C4040BLE640"
"2024-03-21","Z305DHNB","ST4000DM000"
"2024-03-21","Z305GVFE","ST4000DM000"
"2024-03-21","ZHZ3CHDX","ST14000NM0138"
"2024-03-21","ZHZ5VVHY","ST12000NM0008"
"2024-03-21","ZLW0G570","ST12000NM001G"
"2024-03-21","ZLW0G8SH","ST12000NM001G"
"2024-03-21","ZRT051DJ","ST12000NM000J"
"2024-03-22","10B0A089F97G","TOSHIBA MG07ACA14TA"
"2024-03-22","2AGHMVHY","HGST HUH721212ALN604"
"2024-03-22","2AGN025Y","HGST HUH721212ALN604"
"2024-03-22","Z79KT7B7T","TOSHIBA MQ01ABF050M"
"2024-03-22","ZHZ0N19K","ST12000NM0008"
"2024-03-22","ZHZ62N7Y","ST12000NM0008"
"2024-03-22","ZL23XZSV","ST16000NM001G"
"2024-03-23","13R0A0LKFVKG","TOSHIBA MG08ACA16TA"
"2024-03-23","ZL217BYC","ST16000NM001G"
"2024-03-24","43R0A09VFVKG","TOSHIBA MG08ACA16TA"
"2024-03-24","ZHZ4WF3E","ST12000NM0008"
"2024-03-24","ZHZ63EM4","ST12000NM0008"
"2024-03-24","ZJV3D9M6","ST12000NM0007"
"2024-03-24","ZLW18S0Q","ST14000NM001G"
"2024-03-25","40X0A02FF97G","TOSHIBA MG07ACA14TA"
"2024-03-25","51R0A250FVGG","TOSHIBA MG08ACA16TE"
"2024-03-25","5641SFRQS","TOSHIBA MQ01ABF050"
"2024-03-25","61A0A04YF97G","TOSHIBA MG07ACA14TA"
"2024-03-25","69J0A061F97G","TOSHIBA MG07ACA14TA"
"2024-03-25","AAG2NE2H","HGST HUH721212ALN604"
"2024-03-25","Z305K1XL","ST4000DM000"
"2024-03-25","ZA18AAWR","ST8000NM0055"
"2024-03-25","ZHZ0NN8H","ST12000NM0008"
"2024-03-25","ZHZ3R0E0","ST12000NM0008"
"2024-03-25","ZHZ62EZP","ST12000NM0008"
"2024-03-26","2PH1P1HT","WDC WUH721816ALE6L4"
"2024-03-26","8180A06LFVKG","TOSHIBA MG08ACA16TA"
"2024-03-26","X8V0A00WF97G","TOSHIBA MG07ACA14TA"
"2024-03-26","ZA21DVMC","ST10000NM0086"
"2024-03-26","ZHZ4WW43","ST12000NM0008"
"2024-03-27","2AGHTGGY","HGST HUH721212ALN604"
"2024-03-27","X2E0A060FVKG","TOSHIBA MG08ACA16TA"
"2024-03-27","ZCH060HC","ST12000NM0007"
"2024-03-27","ZHZ4VV6Y","ST12000NM0008"
"2024-03-27","ZJV3AA41","ST12000NM0007"
"2024-03-27","ZL0051J0","ST12000NM0008"
"2024-03-27","ZL2CHB14","ST14000NM001G"
"2024-03-27","ZL2L1ZQD","ST16000NM001G"
"2024-03-27","ZL2L803G","ST16000NM001G"
"2024-03-27","ZLW18NYL","ST12000NM001G"
"2024-03-28","10B0A09CF97G","TOSHIBA MG07ACA14TA"
"2024-03-28","11K0A03ZF97G","TOSHIBA MG07ACA14TA"
"2024-03-28","51S0A3TYFVGG","TOSHIBA MG08ACA16TE"
"2024-03-28","60U0A001F97G","TOSHIBA MG07ACA14TA"
"2024-03-28","88P0A034F97G","TOSHIBA MG07ACA14TA"
"2024-03-28","9860A01HF97G","TOSHIBA MG07ACA14TA"
"2024-03-28","X870A0JTF97G","TOSHIBA MG07ACA14TA"
"2024-03-28","ZA1815EA","ST8000NM0055"
"2024-03-28","ZHZ50QZN","ST12000NM0008"
"2024-03-28","ZLW18EVZ","ST14000NM001G"
"2024-03-29","2AGM012Y","HGST HUH721212ALN604"
"2024-03-29","6190A04AF97G","TOSHIBA MG07ACA14TA"
"2024-03-29","AAG67URH","HGST HUH721212ALN604"
"2024-03-29","Z305D21B","ST4000DM000"
"2024-03-29","ZA16XTRV","ST8000NM0055"
"2024-03-29","ZL22ZHME","ST16000NM001G"
"2024-03-30","13R0A0DVFVKG","TOSHIBA MG08ACA16TA"
"2024-03-30","43P0A035FVKG","TOSHIBA MG08ACA16TA"
"2024-03-30","87DFWOG8T","TOSHIBA MQ01ABF050"
"2024-03-30","ZHZ3P3GX","ST12000NM0008"